{
  "main": {
    "name":"Walid Zbiri",
    "occupation":"Software Engineer",
    "description":"With a passion for web application development and success in managing development projects. Skilled in conceptualizing, designing, development, and deploying web applications.",
    "image":"profilepic.jpg",
    "bio":"I'm full stack web developer , working with React in front and NodeJS in back building beautiful websites.",
    "contactmessage":"Contact me to build good project with love.",
    "email": "walid.zbiri@gmail.com",
    "phone": "+212643863805",
    "address":{
      "street":"Lot ZAHRA IMM 06 NR 05 TABRIQUET",
      "city":"SALE",
      "state":"RABAT SALE KENITRA",
      "zip": "11000"
    },
    "website": "http://www.walidzbiri.me",
    "resumedownload":"http://timbakerdev.com",
    "social":[
      {
        "name":"facebook",
        "url":"https://www.facebook.com/walidzizifar",
        "className":"fa fa-facebook"
      },
      {
        "name":"twitter",
        "url":"http://twitter.com",
        "className":"fa fa-twitter"
      },
      {
        "name":"google-plus",
        "url":"http://googleplus.com/walidzbiri",
        "className":"fa fa-google-plus"
      },
      {
        "name":"linkedin",
        "url":"https://www.linkedin.com/in/walid-zbiri-64701812b/",
        "className":"fa fa-linkedin"
      },
      {
        "name":"instagram",
        "url":"https://www.instagram.com/walidotnet/",
        "className":"fa fa-instagram"
      },
      {
        "name":"github",
        "url":"https://github.com/walidzbiri",
        "className":"fa fa-github"
      },
      {
        "name":"skype",
        "url":"http://skype.com",
        "className":"fa fa-skype"
      }
    ]
  },
  "resume":{
    "skillmessage":"",
    "education":[
      {
        "school":"University",
        "degree":"Masters in Software engineering",
        "graduated":"June 2021",
        "description":"Getting a master degree in Morocco is hard, but anyway I've learned a lot during these 5 years full of technologies and emotions of course."
      },
      {
        "school":"School",
        "degree":"Baccalaureate in experimental science",
        "graduated":"June 2015",
        "description":"It was really fun, learning some deep physics and mathematics even it was hard ,but it was a successful year."
      }
    ],
    "experience":[
      {
        "company":"Al moustachar fiduciere",
        "title":"C# developer",
        "years":"July 2018 - August 2018",
        "description":"I was responsible for building a to-do management system for all the employees using a shared database (SQL SERVER 2008) and C# as a programming language."
      },
      {
        "company":"Banque Populaire Rabat",
        "title":"SEO Research",
        "years":"July 2019 - August 2019",
        "description":"During this month I worked on optimizing the rank of a landing page in the search engines I've used last google updates and facebook open graph protocol. "
      }
    ],
    "skills":[
      {
        "name":"Git",
        "level":"60%"
      },
      {
        "name":"Illustrator",
        "level":"55%"
      },
      {
        "name":"ReactJS",
        "level":"60%"
      },
      {
        "name":"NodeJS",
        "level":"60%"
      },
      {
        "name":"CSS",
        "level":"70%"
      },
      {
        "name":"HTML5",
        "level":"70%"
      },
      {
        "name":"MongoDB",
        "level":"80%"
      }
    ]
  },
  "portfolio":{
    "projects": [
      {
        "title":"React admin page",
        "category":"Web app using react/redux",
        "image":"canadian-wanderlust.jpg",
        "url":"https://gogo-react.coloredstrategies.com/"
      },
      {
        "title":"Attendance using Rfid",
        "category":"Embedded system project",
        "image":"fury-fighting-gear.jpg",
        "url":"https://github.com/walidzbiri/attendancerfid"
      },
      {
        "title":"Resume Website",
        "category":"A React based resume website template",
        "image":"resume-website.jpg",
        "url":"http://www.walidzbiri.me"
      }
    ]
  },
  "testimonials":{
    "testimonials":[
      {
        "text":"Walid zbiri is one of the brilliant talent is programming skills ,he doesn't fear errors or bugs.I can call him Anti-bugs.",
        "user":"Khaldoun Oualid"
      },
      {
        "text":"Thanks to walid our landing pages is highly ranked in google and bing.I recommend him in SEO stuffs",
        "user":"Sebbar Oussama"
      }
    ]
  }
}